{"cameraMode":{"drawMode":0,"name":"Shaded","section":"Shading Mode"},"sceneLighting":false,"audioPlay":false,"sceneViewState":{"showFog":true,"showMaterialUpdate":false,"showSkybox":false,"showFlares":true,"showImageEffects":true,"showParticleSystems":true,"showVisualEffectGraphs":true,"m_FxEnabled":true},"in2DMode":false,"pivot":{"x":-0.2733783721923828,"y":-1.2463340759277344,"z":4.977058410644531},"rotation":{"x":-0.6589351892471314,"y":-0.00044287831406109035,"z":0.00039320148061960936,"w":-0.7522063255310059},"size":11.690250396728516,"orthographic":false}