{"cameraMode":{"drawMode":0,"name":"Shaded","section":"Shading Mode"},"sceneLighting":false,"audioPlay":false,"sceneViewState":{"showFog":true,"showMaterialUpdate":false,"showSkybox":false,"showFlares":true,"showImageEffects":true,"showParticleSystems":true,"showVisualEffectGraphs":true,"m_FxEnabled":true},"in2DMode":false,"pivot":{"x":-0.7050552368164063,"y":-1.251112937927246,"z":-0.03277885913848877},"rotation":{"x":-0.662310779094696,"y":0.0018067308701574803,"z":-0.0015915764961391688,"w":-0.749231219291687},"size":20.709686279296876,"orthographic":false}